-- Generated by scripts/generate-supabase-seed.mjs
-- Run AFTER supabase/schema.sql and supabase/migration-user-portfolio.sql.
-- Then run seed-bars-1.sql, seed-bars-2.sql, … in order (price bars are split out
-- into their own files because they are too large for the SQL Editor in one go).

truncate table public.demo_event_edges restart identity cascade;
truncate table public.demo_event_impacts restart identity cascade;
truncate table public.demo_events restart identity cascade;
truncate table public.demo_portfolio_meta restart identity cascade;

insert into public.demo_portfolio_meta (id, capital, purchase_date, purchase_ts, snapshot_date, snapshot_ts, snapshot_hour_est) values ('default', 50000, '2026-02-23', '2026-02-23T16:00:00.000Z', '2026-03-02', '2026-03-02T16:00:00.000Z', 11)
  on conflict (id) do update set capital = excluded.capital, purchase_date = excluded.purchase_date, purchase_ts = excluded.purchase_ts, snapshot_date = excluded.snapshot_date, snapshot_ts = excluded.snapshot_ts, snapshot_hour_est = excluded.snapshot_hour_est;

insert into public.demo_stocks (ticker, company, sector) values
  ('AAPL', 'Apple', 'Consumer tech / hardware'),
  ('MSFT', 'Microsoft', 'Cloud / enterprise software'),
  ('NVDA', 'Nvidia', 'Semiconductors / AI'),
  ('AMZN', 'Amazon', 'E-commerce / cloud'),
  ('TSLA', 'Tesla', 'EV / auto / energy'),
  ('XOM', 'ExxonMobil', 'Energy / oil & gas'),
  ('DAL', 'Delta Air Lines', 'Airlines / travel'),
  ('GOOGL', 'Alphabet Class A', 'Search / advertising / cloud'),
  ('META', 'Meta Platforms', 'Social / advertising'),
  ('AVGO', 'Broadcom', 'Semiconductors / infrastructure'),
  ('JPM', 'JPMorgan Chase', 'Banking / financials'),
  ('WMT', 'Walmart', 'Retail / consumer staples'),
  ('LLY', 'Eli Lilly', 'Pharmaceuticals'),
  ('V', 'Visa', 'Payments / financials'),
  ('NFLX', 'Netflix', 'Streaming / media')
  on conflict (ticker) do update set company = excluded.company, sector = excluded.sector;

insert into public.demo_events (id, event_date, headline, category, location_lat, location_lon, location_name, source_outlet, source_url, source_published_at, source_updated_at, related_event_ids, confidence_tier, magnitude) values
  ('evt_001', '2026-02-28T07:23:00.000Z', 'Iran''s supreme leader dead following major attack by U.S., Israel', 'geopolitical_conflict', 35.6892, 51.389, 'Tehran, Iran', 'AP', 'https://spectrumlocalnews.com/us/snplus/international/2026/02/28/israel-launches-attack-on-iran-s-capital-with-u-s--help-as-tensions-high-over-nuclear-talks', '2026-02-28T07:23:00.000Z', '2026-03-01T02:07:00.000Z', '{evt_002}', 'direct', 2.2069969795957234),
  ('evt_002', '2026-03-02T14:30:00.000Z', 'Oil prices rise sharply after U.S.–Israeli attacks on Iran; Strait of Hormuz in focus', 'geopolitical_conflict', 26.5667, 56.25, 'Strait of Hormuz', 'Al Jazeera', 'https://www.aljazeera.com/news/2026/3/2/oil-prices-rise-sharply-after-us-israeli-attacks-on-iran', '2026-03-02T11:00:00.000Z', '2026-03-02T17:00:00.000Z', '{evt_001,evt_027}', 'direct', 2.2069969795957234),
  ('evt_003', '2026-03-27T13:30:00.000Z', 'Nasdaq falls into correction as Brent tops $110 and inflation fears build', 'macro_policy', 40.7069, -74.0113, 'New York (NYSE)', 'CNBC', 'https://www.cnbc.com/2026/03/26/stock-market-today-live-updates.html', '2026-03-27T13:30:00.000Z', '2026-03-27T20:00:00.000Z', '{evt_002}', 'indirect', 3.985098476796351),
  ('evt_004', '2026-04-01T14:00:00.000Z', 'FDA approves Lilly’s Foundayo (orforglipron), the first any-time-of-day GLP-1 weight-loss pill', 'regulatory', 38.9907, -77.0261, 'Silver Spring, MD (FDA)', 'Eli Lilly (company release)', 'https://investor.lilly.com/news-releases/news-release-details/fda-approves-lillys-foundayotm-orforglipron-only-glp-1-pill', '2026-04-01T14:00:00.000Z', null, '{evt_016}', 'direct', 3.7781183624260697),
  ('evt_005', '2026-04-08T18:00:00.000Z', 'Oil prices slide, stocks surge as Trump announces two-week Iran ceasefire', 'geopolitical_conflict', 38.8977, -77.0365, 'Washington, D.C.', 'Al Jazeera', 'https://www.aljazeera.com/news/2026/4/8/oil-prices-slide-stocks-surge-as-trump-announces-two-week-iran-ceasefire', '2026-04-08T18:00:00.000Z', null, '{evt_002,evt_019}', 'direct', 4.691600432917278),
  ('evt_006', '2026-04-14T13:30:00.000Z', 'JPMorgan posts $16.5B first-quarter profit; revenue up 10% on record Markets results', 'earnings', 40.7557, -73.9787, 'New York, NY (JPMorgan HQ)', 'JPMorgan Chase (1Q26 earnings release)', 'https://www.jpmorganchase.com/content/dam/jpmc/jpmorgan-chase-and-co/investor-relations/documents/quarterly-earnings/2026/1st-quarter/a5fd2d13-877b-43b2-8b58-81bad4399c87.pdf', '2026-04-14T10:50:00.000Z', null, '{evt_022}', 'direct', 0.8161175779035917),
  ('evt_007', '2026-04-17T13:30:00.000Z', 'Netflix revenue climbs 16% — and the stock drops nearly 10%', 'earnings', 37.2358, -121.9624, 'Los Gatos, CA (Netflix HQ)', 'CNBC', 'https://www.cnbc.com/2026/04/16/netflix-nflx-earnings-q1-2026.html', '2026-04-16T20:05:00.000Z', null, '{evt_022}', 'direct', 9.722611808071644),
  ('evt_008', '2026-04-20T13:30:00.000Z', 'Tim Cook to become executive chairman; John Ternus named Apple CEO effective September 1', 'company_specific', 37.3349, -122.009, 'Cupertino, CA (Apple Park)', 'Apple Newsroom', 'https://www.apple.com/newsroom/2026/04/tim-cook-to-become-apple-executive-chairman-john-ternus-to-become-apple-ceo/', '2026-04-20T13:00:00.000Z', null, '{evt_015}', 'direct', 1.0435468645202763),
  ('evt_009', '2026-04-23T13:30:00.000Z', 'Tesla beats on Q1 earnings but stock falls as capex guidance jumps past $25B', 'earnings', 30.2226, -97.618, 'Austin, TX (Tesla HQ)', 'CNBC', 'https://www.cnbc.com/2026/04/22/tesla-tsla-q1-2026-earnings-report.html', '2026-04-22T20:05:00.000Z', null, '{evt_003,evt_026}', 'direct', 3.5586199575237787),
  ('evt_010', '2026-04-29T13:30:00.000Z', 'Visa fiscal Q2 revenue up 17% to $11.2B; board authorizes new $20B buyback', 'earnings', 37.5585, -122.2711, 'Foster City, CA (Visa HQ)', 'Visa (company release)', 'https://investor.visa.com/news/news-details/2026/Visa-Fiscal-Second-Quarter-2026-Financial-Results/default.aspx', '2026-04-28T21:05:00.000Z', null, '{evt_022}', 'direct', 8.263821069305195),
  ('evt_011', '2026-04-30T13:30:00.000Z', 'Meta revenue jumps 33% but shares slide as 2026 AI capex guidance is raised to $145B', 'earnings', 37.4848, -122.1484, 'Menlo Park, CA (Meta HQ)', 'CNBC', 'https://www.cnbc.com/2026/04/29/meta-q1-earnings-report-2026.html', '2026-04-29T20:05:00.000Z', null, '{evt_012,evt_013,evt_014,evt_024}', 'direct', 8.550039214212493),
  ('evt_012', '2026-04-30T13:30:00.000Z', 'Alphabet Q1 revenue hits $109.9B, up 22%, as Google Cloud grows 63%', 'earnings', 37.422, -122.0841, 'Mountain View, CA (Alphabet HQ)', 'Alphabet (Q1 2026 earnings slides)', 'https://s206.q4cdn.com/479360582/files/doc_financials/2026/q1/Alphabet-Q1-2026-Earnings-Slides.pdf', '2026-04-29T20:05:00.000Z', null, '{evt_011,evt_013,evt_014,evt_020}', 'direct', 9.961703465838957),
  ('evt_013', '2026-04-30T13:30:00.000Z', 'Microsoft Q3 revenue rises 13% on Azure AI demand — but shares fall on the capex bill', 'earnings', 47.6396, -122.1284, 'Redmond, WA (Microsoft HQ)', 'CNBC', 'https://www.cnbc.com/2026/04/29/microsoft-msft-q3-earnings-report-2026.html', '2026-04-29T20:05:00.000Z', null, '{evt_011,evt_012,evt_014,evt_020}', 'direct', 3.9296972651300033),
  ('evt_014', '2026-04-30T13:30:00.000Z', 'Amazon crushes earnings as AWS grows 28%, its fastest in three years', 'earnings', 47.6205, -122.3493, 'Seattle, WA (Amazon HQ)', 'CNBC', 'https://www.cnbc.com/2026/04/29/amazon-amzn-q1-earnings-report-2026.html', '2026-04-29T20:05:00.000Z', null, '{evt_011,evt_012,evt_013,evt_024}', 'direct', 0.7679398373068795),
  ('evt_016', '2026-04-30T13:30:00.000Z', 'Eli Lilly Q1 revenue jumps 56% to $19.8B; full-year guidance raised to $82–85B', 'earnings', 39.7684, -86.1581, 'Indianapolis, IN (Eli Lilly HQ)', 'CNBC', 'https://www.cnbc.com/2026/04/30/eli-lilly-lly-earnings-q1-2026.html', '2026-04-30T10:30:00.000Z', null, '{evt_004}', 'direct', 9.79663672427485),
  ('evt_015', '2026-05-01T13:30:00.000Z', 'Apple posts best March quarter ever: revenue $111.2B, up 17%; adds $100B to buyback', 'earnings', 37.3349, -122.009, 'Cupertino, CA (Apple Park)', 'Apple Newsroom', 'https://www.apple.com/newsroom/2026/04/apple-reports-second-quarter-results/', '2026-04-30T20:30:00.000Z', null, '{evt_008}', 'direct', 3.2393618379240534),
  ('evt_017', '2026-05-21T13:30:00.000Z', 'Nvidia posts record $81.6B quarter, up 85%; adds $80B to buyback', 'earnings', 37.3707, -121.9642, 'Santa Clara, CA (Nvidia HQ)', 'NVIDIA (company release)', 'https://investor.nvidia.com/news/press-release-details/2026/NVIDIA-Announces-Financial-Results-for-First-Quarter-Fiscal-2027/default.aspx', '2026-05-20T20:20:00.000Z', null, '{evt_011,evt_024,evt_028}', 'direct', 1.7720529342800742),
  ('evt_018', '2026-05-21T13:30:00.000Z', 'Walmart revenue rises 7.3% but shares sink 7% as fuel costs bite into operating income', 'earnings', 36.3729, -94.2088, 'Bentonville, AR (Walmart HQ)', 'CNBC', 'https://www.cnbc.com/2026/05/21/walmart-wmt-earnings-q1-2027.html', '2026-05-21T11:00:00.000Z', null, '{evt_022,evt_002}', 'direct', 7.267871090584144),
  ('evt_019', '2026-05-29T13:30:00.000Z', 'Oil drops 20% from its 2026 peak on optimism over U.S.–Iran ceasefire talks', 'geopolitical_conflict', 46.2044, 6.1432, 'Geneva (talks)', 'CNBC', 'https://www.cnbc.com/2026/05/29/oil-prices-iran-ceasefire-us-trump-strait-hormuz-energy-costs.html', '2026-05-29T13:30:00.000Z', null, '{evt_005,evt_021}', 'direct', 1.1567856078975236),
  ('evt_020', '2026-06-04T13:30:00.000Z', 'Broadcom AI chip revenue doubles to $10.8B — and the stock still sinks on guidance', 'earnings', 37.4419, -122.143, 'Palo Alto, CA (Broadcom HQ)', 'CNBC', 'https://www.cnbc.com/2026/06/03/broadcom-avgo-earnings-report-q2-2026.html', '2026-06-03T20:15:00.000Z', null, '{evt_011,evt_017,evt_024}', 'direct', 12.586859324621807),
  ('evt_021', '2026-06-15T13:30:00.000Z', 'Stock markets soar, oil falls as U.S. and Iran confirm framework to end the war', 'geopolitical_conflict', 46.2044, 6.1432, 'Geneva (talks)', 'Al Jazeera', 'https://www.aljazeera.com/economy/2026/6/15/stock-markets-soar-oil-falls-as-us-iran-confirm-deal-to-end-war', '2026-06-15T12:00:00.000Z', null, '{evt_002,evt_019,evt_023}', 'direct', 4.142572998740872),
  ('evt_022', '2026-06-17T18:00:00.000Z', 'Fed holds rates but dot plot flips to a hike as Iran-war inflation persists', 'macro_policy', 38.8977, -77.0365, 'Washington, D.C.', 'CNBC', 'https://www.cnbc.com/2026/06/17/fed-interest-rate-decision-june-2026.html', '2026-06-17T18:00:00.000Z', null, '{evt_003,evt_006}', 'direct', 5.436431197128365),
  ('evt_023', '2026-06-22T13:30:00.000Z', 'Oil rises after U.S.–Iran peace talks in Geneva are abruptly postponed', 'geopolitical_conflict', 46.2044, 6.1432, 'Geneva (talks)', 'CNBC', 'https://www.cnbc.com/2026/06/19/oil-prices-wti-brent-crude-us-iran-deal-strait-hormuz-shipping-recovery.html', '2026-06-19T13:30:00.000Z', null, '{evt_021,evt_025}', 'direct', 2.0669967420545947),
  ('evt_024', '2026-06-23T13:30:00.000Z', 'Global tech sell-off intensifies, led by AI and chip stocks', 'demand_shift', 40.7069, -74.0113, 'New York (NYSE)', 'NBC News', 'https://www.nbcnews.com/business/business-news/tech-sell-off-markets-spacex-alphabet-nasdaq100-stocks-rcna351331', '2026-06-23T13:30:00.000Z', null, '{evt_022,evt_017,evt_020}', 'indirect', 4.126528091164557),
  ('evt_025', '2026-06-26T13:30:00.000Z', 'Oil prices climb then ease after attack in Strait of Hormuz halts evacuation plan', 'geopolitical_conflict', 26.5667, 56.25, 'Strait of Hormuz', 'Al Jazeera', 'https://www.aljazeera.com/economy/2026/6/26/oil-prices-climb-after-attack-in-strait-of-hormuz-halts-evacuation-plan', '2026-06-26T13:00:00.000Z', null, '{evt_023,evt_027}', 'indirect', 0.7342855276018787),
  ('evt_026', '2026-07-02T13:30:00.000Z', 'Tesla delivers 480,126 vehicles in Q2, crushing ~406,600 consensus', 'company_specific', 30.2226, -97.618, 'Austin, TX (Tesla HQ)', 'Tesla (company release)', 'https://ir.tesla.com/press-release/tesla-second-quarter-2026-production-deliveries-and-deployments', '2026-07-02T12:00:00.000Z', null, '{evt_009}', 'unrelated', 7.488825887632451),
  ('evt_027', '2026-07-07T13:30:00.000Z', 'Oil rises after tanker attacks in Strait of Hormuz; U.S. revokes Iran oil-sale license', 'geopolitical_conflict', 26.5667, 56.25, 'Strait of Hormuz', 'CNBC', 'https://www.cnbc.com/2026/07/07/oil-prices-iran-strait-hormuz.html', '2026-07-07T13:30:00.000Z', null, '{evt_002,evt_025}', 'direct', 3.847845137832357),
  ('evt_028', '2026-07-07T15:00:00.000Z', 'DeepSeek is developing its own AI chip, Reuters reports; Nvidia dips intraday', 'competitor_news', 22.5431, 114.0579, 'China (DeepSeek)', 'Bloomberg (citing Reuters)', 'https://www.bloomberg.com/news/articles/2026-07-07/chinese-ai-startup-deepseek-developing-own-ai-chip-reuters-says', '2026-07-07T15:00:00.000Z', null, '{evt_027,evt_017}', 'direct', 0.8344464209997506);

insert into public.demo_event_impacts (event_id, ticker, tier, direction, reasoning, pct_change, price, reaction_date) values
  ('evt_001', 'XOM', 'direct', 'up', 'Strikes on a major oil-producing nation raise the risk of supply disruption near the Gulf. Crude prices climb, which flows straight into ExxonMobil upstream revenue and refining margins — a mechanical, business-level link.', 1.127869652920082, 154.22000122070312, '2026-03-02'),
  ('evt_001', 'DAL', 'direct', 'down', 'Higher crude feeds directly into jet-fuel prices, Delta''s single largest variable cost. Fuel-cost exposure is a direct P&L hit, so the stock sells off on the supply-shock headline.', -2.2069969795957234, 64.25, '2026-03-02'),
  ('evt_002', 'XOM', 'direct', 'up', '~20% of seaborne oil transits the Strait of Hormuz. Disruption fear spikes crude; XOM traded up as an integrated-oil beneficiary of higher prices.', 1.127869652920082, 154.22000122070312, '2026-03-02'),
  ('evt_002', 'DAL', 'direct', 'down', 'Same Hormuz shock, opposite sign: a crude spike raises Delta’s projected jet-fuel bill, so shares fell on margin-compression fears.', -2.2069969795957234, 64.25, '2026-03-02'),
  ('evt_003', 'MSFT', 'indirect', 'down', 'Causal chain: oil spike → higher headline inflation expectations → market fears the Fed holds rates "higher for longer" → a higher discount rate compresses the valuation of long-duration megacap tech. No direct business link to oil — the transmission is purely macro/sentiment, hence indirect.', -2.5138705840217375, 356.7699890136719, '2026-03-27'),
  ('evt_003', 'NVDA', 'indirect', 'down', 'Same rate-fear mechanism as MSFT: a high-multiple AI hardware name de-rates when discount rates are expected to rise, with no oil-specific business exposure.', -2.17239027176487, 167.52000427246094, '2026-03-27'),
  ('evt_003', 'AMZN', 'indirect', 'down', 'Rate-driven multiple compression on a long-duration growth name. Secondary nuance: higher fuel could raise fulfillment costs, but the day’s move was macro-sentiment, not that direct link.', -3.9510442389467335, 199.33999633789062, '2026-03-27'),
  ('evt_003', 'TSLA', 'indirect', 'down', 'Caught in the broad rate-fear selloff rather than any oil-specific driver — indirect, sentiment-led.', -2.762623735986156, 361.8299865722656, '2026-03-27'),
  ('evt_003', 'GOOGL', 'indirect', 'down', 'Long-duration megacap caught in the same discount-rate de-rating. CNBC also tied the session’s tech losses to regulatory pressure on Meta and Google, which compounds the macro move but is a separate driver.', -2.342309830316321, 274.3399963378906, '2026-03-27'),
  ('evt_003', 'META', 'indirect', 'down', 'Same rate-fear de-rating as its megacap peers, with the session’s coverage additionally citing regulatory scrutiny weighing on Meta. Indirect: no oil-linked business exposure.', -3.985098476796351, 525.719970703125, '2026-03-27'),
  ('evt_003', 'NFLX', 'unrelated', 'none', 'A control case. Netflix closed essentially FLAT (+0.1%) while the Nasdaq fell 2.15% — the rate-driven de-rating that hit its megacap peers simply did not transmit here. Sweeping it into the selloff because it is "a tech stock" would be exactly the false pattern-matching this map exists to catch.', 0.11787463642443992, 93.43000030517578, '2026-03-27'),
  ('evt_003', 'V', 'indirect', 'down', 'Payments volume is pro-cyclical: an oil-driven inflation scare raises recession risk, which the market prices as slower consumer transaction growth. Indirect — a demand-expectation channel, not a cost line.', -3.2762772250249137, 295.5199890136719, '2026-03-27'),
  ('evt_003', 'AAPL', 'indirect', 'down', 'Apple fell with the tape (-1.6%) but by LESS than the Nasdaq’s -2.15% — it participated in the discount-rate de-rating without being the epicentre. Indirect: no oil-linked business exposure, and the underperformance-adjusted move is a market-beta effect rather than an Apple-specific one.', -1.6173025219509891, 248.8000030517578, '2026-03-27'),
  ('evt_003', 'JPM', 'indirect', 'down', 'The instructive one. The tidy thesis is "higher-for-longer rates help asset-sensitive banks," which would argue JPM should hold up — and it did NOT: it fell 3%, worse than the index. On a day when an oil shock raises recession odds, credit-loss fear outweighs the net-interest-margin benefit. Indirect, and a reminder that the textbook rate story loses to risk-off when growth is the worry.', -3.0240715948275185, 282.8399963378906, '2026-03-27'),
  ('evt_003', 'WMT', 'unrelated', 'up', 'The clean control case: Walmart ROSE (+0.6%) while the Nasdaq fell into correction. Defensive staples absorb the rotation out of long-duration growth in a recession-risk session, so the tech selloff is not a valid explanation for Walmart’s move — the causation runs the other way, if at all.', 0.5811090871658635, 122.88999938964844, '2026-03-27'),
  ('evt_003', 'LLY', 'indirect', 'down', 'Lilly fell about 2% with the broad market. Pharma cash flows are not driven by the oil/rate chain, so this is index-beta participation rather than a causal link — indirect, and it should not be read as the market repricing the drug franchise.', -2.0914169192447045, 878.239990234375, '2026-03-27'),
  ('evt_004', 'LLY', 'direct', 'up', 'A regulatory approval is the most mechanical catalyst there is: Foundayo is an ORAL GLP-1, which removes the injection barrier and the cold-chain constraint that cap the addressable market for injectables. Approval converts a pipeline asset into a revenue line — a direct, company-specific value event.', 3.7781183624260697, 954.52001953125, '2026-04-01'),
  ('evt_005', 'XOM', 'direct', 'down', 'A ceasefire plus the prospect of safe Hormuz transit unwinds the war-risk premium. U.S. crude fell from ~$117 to ~$95, and falling crude directly compresses integrated-oil revenue — the mirror image of the February spike trade.', -4.691600432917278, 156.22000122070312, '2026-04-08'),
  ('evt_005', 'DAL', 'direct', 'up', 'Same crude move, opposite sign: a sharp drop in oil directly cuts Delta’s projected jet-fuel bill, its largest variable cost, so the shares rallied on the improved margin outlook.', 3.7488555036684925, 68.08000183105469, '2026-04-08'),
  ('evt_006', 'JPM', 'direct', 'down', 'Net income of $16.5B (EPS $5.94) on revenue of $50.5B, up 10%, with a 23% return on tangible common equity and net interest income up 9% — and the stock still eased ~0.8% on the day. A beat that was already the consensus expectation is not a catalyst; the market had priced the strong quarter going in. Direct because this is JPMorgan’s own P&L, but note the sign: strong results and a positive stock reaction are NOT the same thing.', -0.8161175779035917, 311.1199951171875, '2026-04-14'),
  ('evt_007', 'NFLX', 'direct', 'down', 'Q1 revenue rose 16% to $12.25B on the March price increases (Standard to $19.99, Premium to $26.99) and an ad tier reaching 250M+ monthly active viewers — and the stock fell almost 10%. Growth of 16% is a deceleration for a company valued on continued acceleration, and Netflix has stopped reporting quarterly subscriber counts, which removes the metric bulls used to underwrite the multiple. Direct: this is Netflix’s own report, and it is the sharpest single-name reaction in this dataset — a beat on the top line is not a beat on expectations.', -9.722611808071644, 97.30999755859375, '2026-04-17'),
  ('evt_008', 'AAPL', 'direct', 'up', 'A CEO succession at the world’s most valuable company is a direct, company-specific governance event — and the market read it as continuity, not disruption: the stock ROSE ~1% on the announcement. Cook moves to executive chairman rather than leaving, hardware chief John Ternus was the long-groomed internal pick, and the board approved it unanimously. Succession risk that resolves cleanly removes an overhang instead of creating one.', 1.0435468645202763, 273.04998779296875, '2026-04-20'),
  ('evt_009', 'TSLA', 'direct', 'down', 'The best "same day, two causes" teaching case. Tesla BEAT on EPS ($0.41, +17% vs. estimates) with the strongest gross margin in five quarters, and initially popped 4% after hours. Then the CFO confirmed full-year capex above $25B — up from $20B and roughly triple 2025’s $8.6B — and the stock gave it all back, closing down 3.56%. The direct cause is the capex guidance in its own release, NOT the macro tape.', -3.5586199575237787, 373.7200012207031, '2026-04-23'),
  ('evt_010', 'V', 'direct', 'up', 'Net revenue of $11.2B, up 17% — the fastest growth since 2022 — with non-GAAP EPS of $3.31 beating consensus, plus $9.2B returned to shareholders and a fresh $20B repurchase authorization. Direct: Visa earns a toll on payment volume, so accelerating volume is a mechanical revenue link, not a sentiment read.', 8.263821069305195, 334.8599853515625, '2026-04-29'),
  ('evt_011', 'META', 'direct', 'down', 'Revenue grew 33% — the fastest since 2021 — and the stock still fell, because Meta raised 2026 capex guidance to $125–145B, nearly double 2025 and more than 2025 and 2024 combined. The market is pricing the free-cash-flow hit, not the revenue beat. Direct: this is Meta’s own guidance in its own release.', -8.550039214212493, 611.9099731445312, '2026-04-30'),
  ('evt_011', 'NVDA', 'indirect', 'down', 'The textbook logic says one company’s capex is another’s revenue — a customer spending $145B on AI should be GOOD for the accelerator vendor. It did not play out: Nvidia fell 4.6% the same session. When the market decides AI capex is value-destroying, it sells the spenders AND the suppliers, because the fear is that the spending itself gets cut. Indirect, and a live example of the obvious read-through failing.', -4.626041900014934, 199.57000732421875, '2026-04-30'),
  ('evt_011', 'AVGO', 'indirect', 'up', 'Broadcom counts Meta among its custom-AI-silicon customers, and it ROSE on the day even as Nvidia fell — a divergence worth noticing. Custom-ASIC exposure is read as a share-gain story (hyperscalers designing their own chips buy Broadcom, not Nvidia), so the same capex headline can cut opposite ways across two "AI chip" names. Indirect: a customer-spending read-through, not Broadcom’s own results.', 2.954736738947925, 417.42999267578125, '2026-04-30'),
  ('evt_012', 'GOOGL', 'direct', 'up', 'Revenue of $109.9B (+22%) beat the $107.2B consensus, EPS rose 82% to $5.11, and Google Cloud grew 63% to $20.03B with operating income tripling to $6.6B. Cloud backlog nearly doubled to $460B+. Direct: Alphabet’s own reported results — and the Cloud number is the one that answers the "will AI eat Search?" bear case.', 9.961703465838957, 384.79998779296875, '2026-04-30'),
  ('evt_013', 'MSFT', 'direct', 'down', 'Fiscal Q3 revenue of $61.9B (+13%), Azure up 31% on AI demand, and Azure guidance of 39–40% constant-currency growth against a 37% consensus — a beat on the metric that matters most, and the stock fell nearly 4%. The offset is the capex line: ~$190B guided for 2026, up 61%, with a $25B hit from higher component prices. Direct: Microsoft’s own results and guidance. Same shape as Meta and Amazon on the same day — the market is repricing AI spending, not AI revenue.', -3.9296972651300033, 407.7799987792969, '2026-04-30'),
  ('evt_014', 'AMZN', 'direct', 'up', 'EPS of $2.78 against a $1.64 estimate, with AWS up 28% to $37.59B — its fastest growth in over three years. Amazon closed higher, and that is the contrast worth studying: Microsoft and Meta reported the SAME day with the same enormous capex ($190B and $145B) and both fell, while Amazon’s ~$200B plan was forgiven because the cloud acceleration gave the market something to buy. The capex fear is real (trailing free cash flow is down 95% to $1.2B) — it just needed a growth number to outweigh it.', 0.7679398373068795, 265.05999755859375, '2026-04-30'),
  ('evt_016', 'LLY', 'direct', 'up', 'Revenue rose 56% to $19.8B with non-GAAP EPS of $8.55 well ahead of expectations, driven by Mounjaro ($8.66B, +125%) and Zepbound ($4.16B). Management raised full-year guidance to $82–85B. Direct: the incretin franchise IS the company’s P&L right now, and the raise is management’s own guidance.', 9.79663672427485, 934.5999755859375, '2026-04-30'),
  ('evt_015', 'AAPL', 'direct', 'up', 'Record March quarter: revenue $111.2B (+17%), EPS $2.01 (+22%), gross margin 49.3% vs. 47.1% a year earlier, with double-digit growth in every geographic segment and an iPhone March-quarter record on iPhone 17 demand. The board added $100B to the repurchase authorization and raised the dividend. Direct: Apple’s own reported results.', 3.2393618379240534, 280.1400146484375, '2026-05-01'),
  ('evt_017', 'NVDA', 'direct', 'down', 'A record quarter that still sold off — the classic "buy the rumor, sell the news." Revenue of $81.6B (+85% YoY, +20% QoQ) with Data Center at $75.2B (+92%), 75% gross margins, an added $80B of buyback authorization and the dividend raised from $0.01 to $0.25. The beat was real but modest against a stock priced at ~30x forward earnings that had already run 13.7% into the print, so positioning — not the fundamentals — drove the reaction. Direct: Nvidia’s own results.', -1.7720529342800742, 219.50999450683594, '2026-05-21'),
  ('evt_017', 'AVGO', 'indirect', 'down', 'Broadcom reported nothing here, but Nvidia’s print is the sector’s sentiment barometer: when the AI bellwether sells off on positioning, high-beta AI-silicon peers de-rate with it. Indirect — a read-across, not a business link.', -0.7635968898018578, 414.57000732421875, '2026-05-21'),
  ('evt_018', 'WMT', 'direct', 'down', 'The headline looks fine — revenue $177.75B, net sales +7.1%, net income +18.8%, e-commerce +26% — and the stock fell 7.3%, its worst move in this dataset. Look at the operating line instead: operating income grew just 5%, and higher fuel costs across distribution and fulfilment cut 250 basis points off that growth. This is the Iran oil shock arriving on a retailer’s income statement — the same crude spike that lifts XOM is a direct cost for the company that has to move the goods. Sales growth you cannot convert into profit is not a good quarter.', -7.267871090584144, 121.33999633789062, '2026-05-21'),
  ('evt_019', 'XOM', 'direct', 'down', 'Crude 20% off its 2026 high as ceasefire optimism drains the war-risk premium. Lower realized prices feed straight through to upstream revenue — the direct, mechanical link, running in reverse from February.', -1.1567856078975236, 145.25999450683594, '2026-05-29'),
  ('evt_019', 'DAL', 'indirect', 'none', 'The mechanism is real — a 20% retreat in crude cuts Delta’s largest variable cost — but Delta closed FLAT on the day, so the benefit did not show up in the tape. The ceasefire optimism had been building for weeks (see the April 8 pause), so the fuel-cost relief was already priced in by the time this headline landed. Marked indirect precisely because the expected reaction did not materialise: a valid mechanism is not the same as a same-day catalyst.', -0.012116022663066635, 82.4800033569336, '2026-05-29'),
  ('evt_020', 'AVGO', 'direct', 'down', 'Record quarter — revenue $22.2B (+48%), AI semiconductor revenue $10.8B (+143%) — and the shares fell anyway because guidance did not clear an extremely high bar. This is the same lesson as Nvidia’s print two weeks earlier: when a stock is priced for perfection, "excellent" reads as a miss. Direct: Broadcom’s own results and guidance.', -12.586859324621807, 418.9100036621094, '2026-06-04'),
  ('evt_021', 'XOM', 'direct', 'down', 'A confirmed framework — extending the ceasefire and reopening the Strait of Hormuz to shipping — removes the war-risk premium from crude. Brent fell below $80 for the first time since March. Falling crude directly compresses XOM’s upstream revenue.', -4.142572998740872, 140.9199981689453, '2026-06-15'),
  ('evt_021', 'DAL', 'direct', 'up', 'Reopening Hormuz restores an estimated 14 million barrels/day to the market. Cheaper crude means a cheaper jet-fuel bill — a direct, mechanical improvement to Delta’s largest cost line.', 1.2159910497444621, 84.06999969482422, '2026-06-15'),
  ('evt_022', 'JPM', 'direct', 'up', 'The FOMC held at 3.50–3.75% but erased its remaining 2026 cut and now projects rates ENDING the year higher, with 17 of 18 officials seeing inflation risk to the upside. For an asset-sensitive bank this is a direct earnings input: loans reprice upward faster than deposits, expanding net interest income. The mechanism that hurts long-duration equities is the one that pays JPMorgan.', 0.7006029788045043, 333.4599914550781, '2026-06-17'),
  ('evt_022', 'MSFT', 'indirect', 'down', 'A higher-for-longer path raises the discount rate applied to distant cash flows, which compresses the multiple on long-duration megacap tech. Indirect: nothing about Microsoft’s business changed on the day — only the rate used to value it.', -3.7884324248678087, 378.9100036621094, '2026-06-17'),
  ('evt_022', 'GOOGL', 'indirect', 'down', 'Same discount-rate channel as its megacap peers. A hawkish dot-plot flip de-rates growth multiples regardless of the underlying business, which is why this is indirect rather than direct.', -2.5344920174355323, 363.7900085449219, '2026-06-17'),
  ('evt_022', 'META', 'indirect', 'down', 'Rate-driven multiple compression, and it stings more here because Meta is spending $125–145B on AI capex — a higher discount rate makes a heavy, back-loaded investment program look more expensive in present-value terms.', -5.436431197128365, 567.5800170898438, '2026-06-17'),
  ('evt_022', 'AMZN', 'indirect', 'down', 'Long-duration growth name carrying a ~$200B capex plan; a higher-for-longer rate path lowers the present value of the payoff from that spend. Indirect — a valuation channel, not an operating one.', -3.4552845528455287, 237.5, '2026-06-17'),
  ('evt_022', 'NFLX', 'indirect', 'down', 'High-multiple growth equity de-rates when the terminal discount rate rises. Netflix’s subscriber economics did not change on the day — only what the market will pay for them.', -2.235775036761043, 76.95999908447266, '2026-06-17'),
  ('evt_022', 'V', 'indirect', 'down', 'A hawkish turn tightens financial conditions, which the market reads as slower consumer spending ahead — and Visa is paid on transaction volume. The chain (rates → consumer demand → payment volume) is real but macro-mediated, hence indirect.', -0.8225234973995197, 330.3800048828125, '2026-06-17'),
  ('evt_022', 'WMT', 'indirect', 'down', 'The defensive-rotation thesis says staples should absorb money fleeing growth when the Fed turns hawkish — and here it FAILED: Walmart fell 2.4% with the market. Compare this to March 27, when the same thesis worked and Walmart rose while the Nasdaq corrected. Same stock, same playbook, opposite outcome. A tightening cycle eventually threatens the consumer that staples sell to, and defensiveness is relative, not absolute.', -2.39610142537238, 118.12999725341797, '2026-06-17'),
  ('evt_022', 'LLY', 'unrelated', 'down', 'The control case for this event. Lilly drifted down under 1% — noise, and far less than the rate-sensitive names. Its value is driven by the incretin franchise ramp and FDA milestones, not by the discount-rate mechanism that repriced tech. Treating a same-day Fed headline as the cause of a sub-1% move would be exactly the pattern-matching error this map exists to prevent.', -0.9354120267260578, 1112, '2026-06-17'),
  ('evt_023', 'XOM', 'direct', 'up', 'The de-escalation trade partially reverses: postponed talks re-inject supply risk into crude, and a higher price directly lifts integrated-oil revenue. The whole Feb–Jul arc is one oscillating risk premium, which is why these oil events all link to one another.', 0.47892291836719325, 138.47000122070312, '2026-06-22'),
  ('evt_023', 'DAL', 'unrelated', 'up', 'The link broke. Crude rose on the postponed talks — which "should" raise Delta’s jet-fuel bill and push the stock down — and Delta ROSE 2.1% instead. When the mechanical chain and the tape disagree this plainly, the honest answer is that the oil headline did not drive Delta that session; something else did. Flagged unrelated rather than forcing the story to fit.', 2.0669967420545947, 85.91999816894531, '2026-06-22'),
  ('evt_024', 'NVDA', 'indirect', 'down', 'A broad, AI-and-chip-led global selloff days after the Fed’s hawkish flip. Nvidia is the highest-beta expression of the AI trade, so it takes the largest hit in a sector de-rating. Indirect: no company-specific news — this is positioning unwinding across the theme.', -4.126528091164557, 200.0399932861328, '2026-06-23'),
  ('evt_024', 'AVGO', 'indirect', 'down', 'Same AI-complex unwind. Broadcom trades as an AI-silicon proxy, so it falls with the theme rather than on anything in its own business.', -3.055112038648594, 380.1499938964844, '2026-06-23'),
  ('evt_024', 'GOOGL', 'indirect', 'down', 'Named in the coverage as one of the megacaps leading the Nasdaq-100 lower. Indirect — a theme-wide de-rating, not an Alphabet-specific catalyst.', -1.0152104402096156, 346.1300048828125, '2026-06-23'),
  ('evt_024', 'META', 'indirect', 'down', 'Caught in the same big-tech unwind. The market is re-pricing the entire "spend enormous capex on AI now, earn later" trade, and Meta has the most aggressive capex ramp of the group.', -0.2926245367292342, 562.2000122070312, '2026-06-23'),
  ('evt_024', 'MSFT', 'unrelated', 'up', 'Read the label, not the headline. This was an AI-and-CHIP-led selloff, and Microsoft actually ROSE 1.8% through it. "Global tech sell-off" is a headline, not a mechanism: the money coming out of semiconductors did not come out of enterprise software. Sweeping MSFT into this event because it is a tech stock would be precisely the false attribution this map is built to expose.', 1.7967022838005193, 373.94000244140625, '2026-06-23'),
  ('evt_024', 'AMZN', 'unrelated', 'up', 'Amazon also closed HIGHER (+0.6%) during the "global tech sell-off." The unwind was concentrated in AI hardware and chip names; Amazon’s retail-plus-cloud mix did not participate. Flagged unrelated — a same-day tech headline is not evidence of causation for a stock that went the other way.', 0.5670378290686527, 234.11000061035156, '2026-06-23'),
  ('evt_025', 'XOM', 'indirect', 'down', 'The reasoning stress-test. A fresh attack headline "should" push oil up and XOM with it — prices spiked, then EASED back as the market weighted ample spare capacity and soft demand over the incident. The naive "conflict → oil up → XOM up" chain did NOT hold. Flagged indirect precisely because the mechanical link broke down; an honest model has to be able to say the obvious story failed.', -0.7342855276018787, 136.5399932861328, '2026-06-26'),
  ('evt_025', 'DAL', 'indirect', 'up', 'With crude fading despite the attack, Delta’s fuel outlook was not damaged the way the headline implies. The counterintuitive setup makes this indirect and low-confidence rather than a clean direct read.', 0.4994018905922799, 92.56999969482422, '2026-06-26'),
  ('evt_026', 'TSLA', 'unrelated', 'down', 'The most uncomfortable case in this dataset, and the one worth sitting with. Tesla delivered 480,126 vehicles against a ~406,600 consensus — a colossal beat, up 25% year-over-year — and the stock fell 7.5% that session. Deliveries are the cleanest read on Tesla’s revenue line, so the naive model says "huge beat → stock up." It did not happen. Because the move went hard against the news, this event is flagged UNRELATED to the decline: whatever drove that 7.5% drop, the delivery number is not it, and inventing a story to reconcile them would be exactly the fabrication this map exists to prevent. The honest statement is that the beat is real, the drop is real, and the delivery report does not explain it.', -7.488825887632451, 393.45001220703125, '2026-07-02'),
  ('evt_027', 'XOM', 'direct', 'up', 'Three vessels struck near Hormuz in under 24 hours, and the U.S. then revoked Iran’s oil-sale license. Brent settled 3% higher at $74.16 and popped 5.6% to $76.04 after hours. Tighter supply expectations lift realized prices, directly lifting XOM — the same causal shape as the March 2 Hormuz event.', 3.847845137832357, 141.69000244140625, '2026-07-07'),
  ('evt_027', 'DAL', 'direct', 'down', 'Renewed crude spike raises jet-fuel cost expectations — a direct hit to Delta’s largest variable cost, and the mirror image of the XOM trade.', -3.326792148347784, 88.62999725341797, '2026-07-07'),
  ('evt_028', 'NVDA', 'direct', 'none', 'Two lessons in one. FIRST, attribution: Nvidia moved on the same day as the tanker-attack oil headline, so a model that blames the biggest story of the day would tie it to Iran. Wrong — the Nvidia-specific news is competitive: Reuters reported DeepSeek is designing its own SMIC-fabricated inference chip to cut its dependence on Nvidia and Huawei. SECOND, data limits: Nvidia dipped intraday on the report but CLOSED slightly higher (+0.7%), so the daily close this system measures shows almost nothing. The reported dip is real and the flat close is real; a daily bar simply cannot see an intraday reaction. Direction is marked "none" rather than pretending the close confirms the story.', 0.7056965494693367, 196.92999267578125, '2026-07-07'),
  ('evt_028', 'AVGO', 'indirect', 'down', 'Every large AI customer that designs its own silicon is a customer that buys fewer merchant accelerators. The DeepSeek report is a datapoint in the broader in-house-chip trend, which pressures the whole merchant AI-silicon complex. Indirect — Broadcom is not named in the report.', -0.8344464209997506, 370.7799987792969, '2026-07-07');

insert into public.demo_event_edges (source_event_id, target_event_id, weight, declared) values
  ('evt_001', 'evt_002', 0.65, true),
  ('evt_002', 'evt_003', 0.6, true),
  ('evt_002', 'evt_005', 0.6818181818181819, true),
  ('evt_002', 'evt_018', 0.6, true),
  ('evt_002', 'evt_021', 0.6666666666666666, true),
  ('evt_002', 'evt_025', 0.75, false),
  ('evt_002', 'evt_027', 0.7916666666666667, true),
  ('evt_003', 'evt_009', 0.6, true),
  ('evt_003', 'evt_022', 0.65, true),
  ('evt_004', 'evt_016', 0.6, true),
  ('evt_005', 'evt_019', 0.6818181818181819, true),
  ('evt_006', 'evt_017', 0.7857142857142857, false),
  ('evt_006', 'evt_022', 0.6, true),
  ('evt_007', 'evt_022', 0.6, true),
  ('evt_008', 'evt_015', 0.6, true),
  ('evt_009', 'evt_026', 0.6, true),
  ('evt_010', 'evt_022', 0.6, true),
  ('evt_011', 'evt_012', 0.6428571428571428, true),
  ('evt_011', 'evt_013', 0.7, true),
  ('evt_011', 'evt_014', 0.6, true),
  ('evt_011', 'evt_016', 0.8125, false),
  ('evt_011', 'evt_017', 0.6, true),
  ('evt_011', 'evt_020', 0.6666666666666666, true),
  ('evt_011', 'evt_024', 0.6, true),
  ('evt_012', 'evt_013', 0.6428571428571428, true),
  ('evt_012', 'evt_014', 0.6428571428571428, true),
  ('evt_012', 'evt_020', 0.6428571428571428, true),
  ('evt_013', 'evt_014', 0.6, true),
  ('evt_013', 'evt_020', 0.6111111111111112, true),
  ('evt_014', 'evt_024', 0.6, true),
  ('evt_015', 'evt_017', 0.8571428571428572, false),
  ('evt_017', 'evt_020', 0.6, true),
  ('evt_017', 'evt_024', 0.6, true),
  ('evt_017', 'evt_028', 0.6, true),
  ('evt_018', 'evt_022', 0.6, true),
  ('evt_019', 'evt_021', 0.6666666666666666, true),
  ('evt_020', 'evt_024', 0.6, true),
  ('evt_021', 'evt_023', 0.6666666666666666, true),
  ('evt_022', 'evt_024', 0.6, true),
  ('evt_023', 'evt_025', 0.65, true),
  ('evt_023', 'evt_027', 0.75, false),
  ('evt_025', 'evt_027', 0.7083333333333334, true),
  ('evt_027', 'evt_028', 0.6, true);
